{
  "project_info": {
    "project_number": "808962318553",
    "firebase_url": "https://schedulemanagerapp.firebaseio.com",
    "project_id": "schedulemanagerapp",
    "storage_bucket": "schedulemanagerapp.appspot.com"
  },
  "client": [
    {
      "client_info": {
        "mobilesdk_app_id": "1:808962318553:android:9dcbe0d7ff4d5c9d",
        "android_client_info": {
          "package_name": "com.example.schedulemanagerapplication"
        }
      },
      "oauth_client": [
        {
          "client_id": "808962318553-pa450jkkj0hsoa0236rg64moa529i8g5.apps.googleusercontent.com",
          "client_type": 1,
          "android_info": {
            "package_name": "com.example.schedulemanagerapplication",
            "certificate_hash": "ab6bfb0b441568090ad1e7c0e02ccf8221ded336"
          }
        },
        {
          "client_id": "808962318553-do814btgm8eokmetpf28duag8cd6mov0.apps.googleusercontent.com",
          "client_type": 1,
          "android_info": {
            "package_name": "com.example.schedulemanagerapplication",
            "certificate_hash": "fa9d7116bd33ed84193872eba732776a30b2eab3"
          }
        },
        {
          "client_id": "808962318553-jgdt900omim04jtataeimqotmcu71thc.apps.googleusercontent.com",
          "client_type": 1,
          "android_info": {
            "package_name": "com.example.schedulemanagerapplication",
            "certificate_hash": "1efcc73473a2657f4e9fa10ec551023ec16ef309"
          }
        },
        {
          "client_id": "808962318553-sh9l2qbg1enf9raf9ovno5v7sg9bfqeh.apps.googleusercontent.com",
          "client_type": 3
        }
      ],
      "api_key": [
        {
          "current_key": "AIzaSyC3jaIQW72OCdz49T_j1xQaUW50voxpiXI"
        }
      ],
      "services": {
        "appinvite_service": {
          "other_platform_oauth_client": [
            {
              "client_id": "808962318553-sh9l2qbg1enf9raf9ovno5v7sg9bfqeh.apps.googleusercontent.com",
              "client_type": 3
            }
          ]
        }
      }
    }
  ],
  "configuration_version": "1"
}